V [V] ,I [A],P [W],V [V] ,I [A],P [W],V [V] ,I [A],P [W],V [V] ,I [A],P [W],V [V] ,I [A],P [W],V [V] ,I [A],P [W],V [V] ,I [A],P [W],V [V] ,I [A],P [W],V [V] ,I [A],P [W],V [V] ,I [A],P [W],V [V] ,I [A],P [W],V [V] ,I [A],P [W],V [V] ,I [A],P [W],V [V] ,I [A],P [W],V [V] ,I [A],P [W],V [V] ,I [A],P [W],V [V] ,I [A],P [W],V [V] ,I [A],P [W],V [V] ,I [A],P [W],V [V] ,I [A],P [W],V [V] ,I [A],P [W],V [V] ,I [A],P [W],V [V] ,I [A],P [W],V [V] ,I [A],P [W]
-0.060184002,0.003234293,-0.000194653,-0.060181618,0.002930516,-0.000176363,-0.079848766,0.002938587,-0.000234643,-0.079774857,0.002531485,-0.000201949,-0.099489689,0.00253312,-0.000252019,-0.09953022,0.002096754,-0.00020869,-0.099489689,0.002097191,-0.000208649,-0.099408627,0.002035662,-0.000202362,-0.099546909,0.002041089,-0.000203184,-0.099432468,0.00170504,-0.000169536,-0.099451542,0.001708119,-0.000169875,-0.099503994,0.00160317,-0.000159522,-0.099537373,0.00159463,-0.000158725,-0.099494457,0.000822351,-8.18E-05,-0.099463463,0.000822405,-8.18E-05,-0.099446774,0.000686558,-6.83E-05,-0.099461079,0.000686995,-6.83E-05,-0.099477768,0.000523776,-5.21E-05,-0.099422932,0.000520773,-5.18E-05,-0.099492073,0.000376221,-3.74E-05,-0.099496841,0.000375547,-3.74E-05,-0.099503994,1.63E-05,-1.62E-06,-0.099406242,0.000616935,-6.13E-05,-0.099480152,0.000612221,-6.09E-05
-0.040426254,0.003232519,-0.000130679,-0.040416718,0.002931325,-0.000118475,-0.060203075,0.002940126,-0.000177005,-0.060071945,0.002530902,-0.000152036,-0.079774857,0.002532358,-0.000202018,-0.07982254,0.002097062,-0.000167393,-0.079801083,0.002096304,-0.000167287,-0.07969141,0.002035081,-0.000162179,-0.07983923,0.002041151,-0.000162964,-0.079705715,0.0017045,-0.000135858,-0.079758167,0.001708516,-0.000136268,-0.079810619,0.001602236,-0.000127875,-0.079815388,0.001596501,-0.000127425,-0.079786777,0.000822565,-6.56E-05,-0.079770088,0.000822124,-6.56E-05,-0.079731941,0.00068672,-5.48E-05,-0.07976532,0.000687341,-5.48E-05,-0.079748631,0.000523683,-4.18E-05,-0.079684258,0.000521083,-4.15E-05,-0.079767704,0.000376057,-3.00E-05,-0.079774857,0.000375348,-2.99E-05,-0.079796314,1.63E-05,-1.30E-06,-0.079696178,0.000616854,-4.92E-05,-0.079777241,0.000612224,-4.88E-05
-0.020690441,0.003233312,-6.69E-05,-0.02066803,0.002931651,-6.06E-05,-0.040465355,0.002941208,-0.000119017,-0.040376186,0.00253245,-0.000102251,-0.060083389,0.002535282,-0.000152328,-0.060126781,0.002097818,-0.000126135,-0.060092449,0.002097376,-0.000126036,-0.059990883,0.002035391,-0.000122105,-0.06014061,0.002041245,-0.000122762,-0.060017109,0.001704768,-0.000102315,-0.060044289,0.001709109,-0.000102622,-0.060107231,0.001603088,-9.64E-05,-0.060111523,0.001597141,-9.60E-05,-0.060075283,0.000822565,-4.94E-05,-0.0600667,0.000821631,-4.94E-05,-0.060035229,0.000686619,-4.12E-05,-0.060064316,0.000686734,-4.12E-05,-0.060050488,0.000523813,-3.15E-05,-0.06000185,0.00052061,-3.12E-05,-0.060082912,0.000376076,-2.26E-05,-0.060096741,0.000375235,-2.26E-05,-0.060096264,1.63E-05,-9.77E-07,-0.059997559,0.000616903,-3.70E-05,-0.060089111,0.000612218,-3.68E-05
-0.000928402,0.003232564,-3.00E-06,-0.000897884,0.00293224,-2.63E-06,-0.020702362,0.002942376,-6.09E-05,-0.020623684,0.002533984,-5.23E-05,-0.040380955,0.002536778,-0.000102438,-0.040425301,0.0020982,-8.48E-05,-0.04038763,0.002097655,-8.47E-05,-0.040287018,0.002035419,-8.20E-05,-0.040438652,0.00204085,-8.25E-05,-0.040312767,0.00170482,-6.87E-05,-0.040340424,0.001709784,-6.90E-05,-0.040406227,0.001603008,-6.48E-05,-0.040400505,0.001597823,-6.46E-05,-0.040370464,0.000822735,-3.32E-05,-0.040362835,0.000821354,-3.32E-05,-0.040329933,0.000686446,-2.77E-05,-0.040363789,0.000686644,-2.77E-05,-0.040344715,0.000523843,-2.11E-05,-0.040293694,0.000520657,-2.10E-05,-0.040380955,0.00037597,-1.52E-05,-0.040391922,0.00037514,-1.52E-05,-0.040388584,1.62E-05,-6.56E-07,-0.040295601,0.000616888,-2.49E-05,-0.040389061,0.000612178,-2.47E-05
0.018830776,0.003232484,6.09E-05,0.018866539,0.002932643,5.53E-05,-0.000935078,0.002943361,-2.75E-06,-0.00086689,0.002536405,-2.20E-06,-0.020648479,0.002537061,-5.24E-05,-0.020678043,0.002098382,-4.34E-05,-0.020628452,0.002098326,-4.33E-05,-0.020543098,0.00203581,-4.18E-05,-0.020676136,0.002040466,-4.22E-05,-0.020561695,0.001705411,-3.51E-05,-0.020592213,0.001710378,-3.52E-05,-0.020659447,0.001603263,-3.31E-05,-0.020647526,0.00159815,-3.30E-05,-0.020611286,0.000822758,-1.70E-05,-0.020592213,0.000821188,-1.69E-05,-0.020581722,0.000686317,-1.41E-05,-0.020618439,0.00068673,-1.42E-05,-0.020597935,0.000523876,-1.08E-05,-0.020543575,0.00052065,-1.07E-05,-0.020638943,0.000375909,-7.76E-06,-0.020640373,0.000375112,-7.74E-06,-0.020639896,1.62E-05,-3.34E-07,-0.020555973,0.000616916,-1.27E-05,-0.020619392,0.000612153,-1.26E-05
0.038590908,0.003232364,0.00012474,0.038626671,0.00293302,0.000113293,0.018834114,0.002944261,5.55E-05,0.018895626,0.002538893,4.80E-05,-0.000910282,0.002538898,-2.31E-06,-0.000928402,0.002098153,-1.95E-06,-0.000867367,0.002098677,-1.82E-06,-0.000801086,0.002035796,-1.63E-06,-0.000916004,0.002040061,-1.87E-06,-0.000806332,0.001706388,-1.38E-06,-0.00084734,0.001710972,-1.45E-06,-0.000910759,0.001603228,-1.46E-06,-0.000902653,0.001598542,-1.44E-06,-0.000870705,0.000822622,-7.16E-07,-0.000834942,0.000821136,-6.86E-07,-0.000838757,0.000686144,-5.76E-07,-0.000874996,0.000686734,-6.01E-07,-0.000855923,0.000523881,-4.48E-07,-0.000796795,0.000520553,-4.15E-07,-0.000893116,0.000375883,-3.36E-07,-0.000883579,0.000375078,-3.31E-07,-0.000891209,1.62E-05,-1.44E-08,-0.000811577,0.000616936,-5.01E-07,-0.000854015,0.000612136,-5.23E-07
0.058349609,0.003231525,0.000188558,0.058391094,0.002933639,0.000171298,0.0385952,0.002944862,0.000113658,0.038657188,0.002541027,9.82E-05,0.018832684,0.002538968,4.78E-05,0.018828392,0.002098045,3.95E-05,0.018892288,0.002099076,3.97E-05,0.018948555,0.002036196,3.86E-05,0.01885128,0.002039666,3.85E-05,0.018948555,0.00170768,3.24E-05,0.018908501,0.001711689,3.24E-05,0.018837452,0.001602882,3.02E-05,0.018856049,0.00159897,3.02E-05,0.018881321,0.000822442,1.55E-05,0.018930435,0.000821188,1.55E-05,0.018910408,0.000685826,1.30E-05,0.018873215,0.000686729,1.30E-05,0.018893242,0.000523697,9.89E-06,0.018964767,0.000520517,9.87E-06,0.018857956,0.000375843,7.09E-06,0.018878937,0.000375088,7.08E-06,0.018823147,1.61E-05,3.03E-07,0.018938541,0.000616938,1.17E-05,0.018923759,0.000612133,1.16E-05
0.07804966,0.003231003,0.000252179,0.078099728,0.00293438,0.000229174,0.058360577,0.00294593,0.000171926,0.058419228,0.002542478,0.00014853,0.038566113,0.002538678,9.79E-05,0.038579464,0.002098352,8.10E-05,0.038648129,0.00209924,8.11E-05,0.03869009,0.002036536,7.88E-05,0.038613319,0.002039779,7.88E-05,0.038691998,0.001709048,6.61E-05,0.038654804,0.001712369,6.62E-05,0.038575649,0.00160276,6.18E-05,0.038606167,0.001599187,6.17E-05,0.038630486,0.000822341,3.18E-05,0.038693905,0.000821304,3.18E-05,0.038655758,0.000685708,2.65E-05,0.038614273,0.000686856,2.65E-05,0.038635731,0.000523483,2.02E-05,0.038717747,0.000520451,2.02E-05,0.038613796,0.000375809,1.45E-05,0.038643837,0.000375107,1.45E-05,0.038579464,1.61E-05,6.21E-07,0.038675785,0.000616961,2.39E-05,0.038696289,0.00061213,2.37E-05
0.097764015,0.003230595,0.000315836,0.097805977,0.002935198,0.00028708,0.078055859,0.002946655,0.000230004,0.078126431,0.002543159,0.000198688,0.058301926,0.002538682,0.00014801,0.058339119,0.002098824,0.000122444,0.058402061,0.002099061,0.000122589,0.058440685,0.002036546,0.000119017,0.058384895,0.002040496,0.000119134,0.05844593,0.00171043,1.00E-04,0.058410168,0.001713077,0.000100061,0.058320999,0.001602613,9.35E-05,0.058357716,0.001599451,9.33E-05,0.05838728,0.000821959,4.80E-05,0.058454037,0.000821481,4.80E-05,0.058402538,0.000685667,4.00E-05,0.0583601,0.000686584,4.01E-05,0.058381557,0.000523338,3.06E-05,0.05847168,0.000520343,3.04E-05,0.058376312,0.000375834,2.19E-05,0.05841589,0.000375106,2.19E-05,0.058322906,1.61E-05,9.37E-07,0.058420658,0.000617001,3.60E-05,0.058465958,0.000612173,3.58E-05
0.117470264,0.003229821,0.000379408,0.117506981,0.002935794,0.000344976,0.097764015,0.002947109,0.000288121,0.097835064,0.002542995,0.000248794,0.078003883,0.002539766,0.000198112,0.078047276,0.002099582,0.000163867,0.078100204,0.00209867,0.000163907,0.078142643,0.002036594,0.000159145,0.078093529,0.002041256,0.000159409,0.078146935,0.001711542,0.000133752,0.078116894,0.001713812,0.000133878,0.078020096,0.001602305,0.000125012,0.078059196,0.00159996,0.000124892,0.078087807,0.000821602,6.42E-05,0.078150272,0.000821679,6.42E-05,0.07810545,0.00068557,5.35E-05,0.078067303,0.000686042,5.36E-05,0.078080654,0.000523197,4.09E-05,0.078176975,0.000520202,4.07E-05,0.078062534,0.000375776,2.93E-05,0.078109264,0.000375093,2.93E-05,0.078031063,1.61E-05,1.25E-06,0.078123569,0.000617026,4.82E-05,0.078162193,0.000612222,4.79E-05
0.137181282,0.003229764,0.000443063,0.137212753,0.002936304,0.000402898,0.117468834,0.00294737,0.000346224,0.117536068,0.002542549,0.000298841,0.097716331,0.002538102,0.000248014,0.09775877,0.002100036,0.000205297,0.097809792,0.002098115,0.000205216,0.09786129,0.002036803,0.000199324,0.097813129,0.002041922,0.000199727,0.097858429,0.001712617,0.000167594,0.097828865,0.00171425,0.000167703,0.097742081,0.00160224,0.000156606,0.097779274,0.001600132,0.00015646,0.097804546,0.000821293,8.03E-05,0.097860336,0.000821855,8.04E-05,0.09782362,0.000685356,6.70E-05,0.097780704,0.000685816,6.71E-05,0.097788334,0.00052312,5.12E-05,0.0978899,0.000520264,5.09E-05,0.097775936,0.000375668,3.67E-05,0.097821712,0.00037515,3.67E-05,0.097743988,1.60E-05,1.57E-06,0.097836971,0.000617067,6.04E-05,0.097872257,0.000612246,5.99E-05
0.1568923,0.003230162,0.000506788,0.156918526,0.002937329,0.000460921,0.137167931,0.002947799,0.000404343,0.137237549,0.002542627,0.000348944,0.117416382,0.002538477,0.000298059,0.11746645,0.002100108,0.000246692,0.117514133,0.002097563,0.000246493,0.117565155,0.002037544,0.000239544,0.117519379,0.002042598,0.000240045,0.117566586,0.001713697,0.000201473,0.117535114,0.001714242,0.000201484,0.117445946,0.00160235,0.000188189,0.117487431,0.001600474,0.000188036,0.117515087,0.000821017,9.65E-05,0.117566586,0.000822083,9.66E-05,0.117528439,0.000685193,8.05E-05,0.117488861,0.000685839,8.06E-05,0.117494106,0.00052313,6.15E-05,0.117594242,0.00052039,6.12E-05,0.117475033,0.000375535,4.41E-05,0.117526531,0.000375147,4.41E-05,0.117490292,1.60E-05,1.88E-06,0.117547035,0.000617132,7.25E-05,0.117578983,0.000612263,7.20E-05
0.176611423,0.003230851,0.000570605,0.176622868,0.002938232,0.000518959,0.156871319,0.00294791,0.000462442,0.156941414,0.002542865,0.000399081,0.137121677,0.002539304,0.000348194,0.137174129,0.002100276,0.000288104,0.137214661,0.002097477,0.000287805,0.137270451,0.002038364,0.000279807,0.137226105,0.002042956,0.000280347,0.13727951,0.001714173,0.000235321,0.137242317,0.001714088,0.000235245,0.137158394,0.001602298,0.000219769,0.137196064,0.00160127,0.000219688,0.137235641,0.000820723,0.000112632,0.137266159,0.000822336,0.000112879,0.137235641,0.000685114,9.40E-05,0.137202263,0.000685701,9.41E-05,0.137199402,0.000523071,7.18E-05,0.137303352,0.000520472,7.15E-05,0.137172699,0.000375333,5.15E-05,0.137227535,0.000375141,5.15E-05,0.137188911,1.60E-05,2.20E-06,0.137257576,0.000617199,8.47E-05,0.137284279,0.000612312,8.41E-05
0.196321487,0.003232134,0.000634537,0.196337223,0.002938887,0.000577013,0.17658329,0.002947181,0.000520423,0.176649094,0.002543038,0.000449225,0.156831741,0.002539656,0.000398299,0.156879425,0.002100777,0.000329569,0.156921387,0.002097367,0.000329122,0.156973362,0.002039769,0.000320189,0.156928539,0.002043048,0.000320613,0.156985283,0.00171458,0.000269164,0.156948566,0.001713992,0.000269009,0.15686655,0.001602303,0.000251348,0.156903744,0.001602255,0.0002514,0.156947613,0.000820578,0.000128788,0.156970024,0.000822452,0.0001291,0.156941414,0.000685067,0.000107515,0.15691328,0.000685992,0.000107641,0.156909466,0.000523062,8.21E-05,0.157009125,0.000520495,8.17E-05,0.156866074,0.000375085,5.88E-05,0.156912804,0.00037512,5.89E-05,0.156903267,1.60E-05,2.51E-06,0.156964779,0.000617276,9.69E-05,0.156986713,0.000612352,9.61E-05
0.21608305,0.003233882,0.000698787,0.216108799,0.002940197,0.000635402,0.19629097,0.002946721,0.000578415,0.196349144,0.002543498,0.000499414,0.176543713,0.00254022,0.00044846,0.17659235,0.002101062,0.000371031,0.176634312,0.002097466,0.000370485,0.176685333,0.002041322,0.000360672,0.176639557,0.002043211,0.000360912,0.176696301,0.001714794,0.000302998,0.176662922,0.001713769,0.000302759,0.176583767,0.00160237,0.000282953,0.176620007,0.001603167,0.000283151,0.176660538,0.000820523,0.000144954,0.17667532,0.000822373,0.000145293,0.176652431,0.000684906,0.00012099,0.176626682,0.000686299,0.000121219,0.176626205,0.000522986,9.24E-05,0.176717758,0.000520533,9.20E-05,0.176591873,0.000374935,6.62E-05,0.176625729,0.000375019,6.62E-05,0.176612854,1.60E-05,2.83E-06,0.176678658,0.000617373,0.000109077,0.176693916,0.000612408,0.000108209
0.235851288,0.003235094,0.000763001,0.235877514,0.00294134,0.000693796,0.216058254,0.002946735,0.000636666,0.216115475,0.002544242,0.00054985,0.196248055,0.002541309,0.000498727,0.196299553,0.002101819,0.000412586,0.196340084,0.002097641,0.000411851,0.19638586,0.002042809,0.000401179,0.19634676,0.002043206,0.000401177,0.196401119,0.001714756,0.00033678,0.196366787,0.0017135,0.000336474,0.196284294,0.001602321,0.00031451,0.196327209,0.001604173,0.000314943,0.19637537,0.000820586,0.000161143,0.19638443,0.000822196,0.000161466,0.196353912,0.00068493,0.000134489,0.1963377,0.000686347,0.000134756,0.196341038,0.00052287,0.000102661,0.196428299,0.000520552,0.000102251,0.196293831,0.00037481,7.36E-05,0.196327686,0.000374845,7.36E-05,0.19631815,1.60E-05,3.15E-06,0.196387291,0.000617484,0.000121266,0.196398735,0.000612485,0.000120291
0.255621433,0.003235509,0.000827065,0.255647659,0.002941972,0.000752108,0.235833168,0.002946568,0.000694899,0.235886097,0.002544924,0.000600312,0.216014862,0.002542177,0.000549148,0.216068745,0.002102967,0.000454385,0.216102123,0.002098102,0.000453404,0.216153622,0.002043988,0.000441815,0.216115952,0.002043378,0.000441607,0.216165066,0.0017144,0.000370593,0.216135979,0.001713493,0.000370348,0.216052055,0.001602262,0.000346172,0.216095448,0.001605224,0.000346882,0.2161479,0.000820678,0.000177388,0.216152668,0.000821952,0.000177667,0.216121674,0.000684981,0.000148039,0.216114521,0.000686327,0.000148325,0.216112614,0.000522861,0.000112997,0.216198921,0.000520553,0.000112543,0.216065407,0.000374695,8.10E-05,0.216097355,0.000374628,8.10E-05,0.216088772,1.60E-05,3.47E-06,0.216148853,0.000617567,0.000133486,0.216161728,0.000612588,0.000132418
0.275388718,0.003236505,0.000891297,0.275419712,0.002943321,0.000810649,0.255608559,0.002946758,0.000753217,0.25565815,0.002545948,0.000650892,0.235780239,0.002542828,0.000599549,0.235846043,0.002103647,0.000496137,0.235868931,0.002098782,0.000495037,0.235926151,0.002045103,0.000482493,0.235889435,0.002043804,0.000482112,0.235936165,0.001714722,0.000404565,0.235907555,0.001713611,0.000404254,0.235821724,0.001602433,0.000377889,0.235865116,0.001605978,0.000378794,0.235910892,0.000820864,0.000193651,0.235928535,0.00082149,0.000193813,0.235888481,0.000684844,0.000161547,0.235891342,0.000686155,0.000161858,0.235890865,0.00052279,0.000123321,0.235970497,0.000520556,0.000122836,0.235831738,0.000374603,8.83E-05,0.235862255,0.000374356,8.83E-05,0.2358675,1.61E-05,3.79E-06,0.235916138,0.000617686,0.000145722,0.235926628,0.000612673,0.000144546
0.295158386,0.003237177,0.00095548,0.29519558,0.002944745,0.000869276,0.275377274,0.002948135,0.000811849,0.275434017,0.002547426,0.000701648,0.255545139,0.002543434,0.000649962,0.255617619,0.00210373,0.00053775,0.255638599,0.002099463,0.000536704,0.255693913,0.002046114,0.000523179,0.255660057,0.002044303,0.000522647,0.255712032,0.001715075,0.000438565,0.255679131,0.001713308,0.000438057,0.255596161,0.001602876,0.000409689,0.255635738,0.001606703,0.000410731,0.255681515,0.000821129,0.000209947,0.255705833,0.000821023,0.00020994,0.255655766,0.000684697,0.000175047,0.255670071,0.000685735,0.000175322,0.255664825,0.000522675,0.00013363,0.255746841,0.000520584,0.000133138,0.255599976,0.000374505,9.57E-05,0.255636215,0.000374047,9.56E-05,0.255638599,1.61E-05,4.10E-06,0.255692005,0.000617822,0.000157972,0.25570488,0.000612771,0.000156689
0.314878941,0.003236265,0.001019032,0.314908028,0.002945618,0.000927599,0.295149326,0.00294967,0.000870593,0.295217037,0.002548805,0.000752451,0.275307655,0.002544711,0.000700578,0.275384903,0.002103938,0.000579393,0.275399685,0.002100365,0.00057844,0.275464535,0.002046688,0.00056379,0.275425911,0.002045004,0.000563247,0.275483608,0.001715814,0.000472679,0.275448799,0.001713311,0.000471929,0.275359631,0.001603546,0.000441552,0.275403023,0.001607209,0.00044263,0.275446892,0.000821398,0.000226252,0.275477886,0.000820751,0.000226099,0.275417805,0.000684735,0.000188588,0.275436878,0.000685357,0.000188773,0.275435925,0.000522812,0.000144001,0.275512218,0.000520632,0.000143441,0.275366306,0.00037436,0.000103086,0.275408745,0.000373796,0.000102947,0.275405884,1.60E-05,4.42E-06,0.275465965,0.000617965,0.000170228,0.275481224,0.000612857,0.000168831
0.334592342,0.003236274,0.001082832,0.33463192,0.002946678,0.000986052,0.314856529,0.002950971,0.000929132,0.314932823,0.002550168,0.000803132,0.295078278,0.002546293,0.000751356,0.295169353,0.002104101,0.000621066,0.295176506,0.002102047,0.000620475,0.29524374,0.00204738,0.000604476,0.29519701,0.002046065,0.000603992,0.295266151,0.001716804,0.000506914,0.295231819,0.001713758,0.000505956,0.295133114,0.001604616,0.000473575,0.295176983,0.001607613,0.00047453,0.295220375,0.000821623,0.00024256,0.295253277,0.000820538,0.000242266,0.295190334,0.000684832,0.000202156,0.295212269,0.000685116,0.000202255,0.295212269,0.000522957,0.000154383,0.295293808,0.000520553,0.000153716,0.295138836,0.00037426,0.000110459,0.295184135,0.000373608,0.000110283,0.29518652,1.60E-05,4.74E-06,0.295238018,0.000618127,0.000182495,0.295254707,0.000612971,0.000180983
0.354300022,0.003237621,0.001147089,0.354341984,0.002948093,0.001044633,0.334575653,0.002951735,0.000987579,0.334652424,0.002551674,0.000853924,0.314787865,0.002547594,0.000801952,0.314880848,0.002104172,0.000662563,0.314888477,0.002102872,0.00066217,0.314958572,0.002048609,0.000645227,0.314911842,0.002046963,0.000644613,0.314981937,0.001717818,0.000541082,0.314946651,0.00171429,0.00053991,0.314844608,0.001605938,0.000505621,0.314882755,0.001608191,0.000506392,0.314932823,0.000821763,0.0002588,0.31496191,0.000820481,0.00025842,0.314899445,0.000685055,0.000215724,0.314919949,0.000684837,0.000215669,0.31492424,0.000522933,0.000164684,0.315010071,0.000520557,0.000163981,0.314847469,0.000374123,0.000117792,0.314890862,0.000373482,0.000117606,0.314898491,1.61E-05,5.06E-06,0.314948559,0.000618327,0.000194741,0.314972401,0.000613111,0.000193113
0.374004364,0.003237845,0.001210968,0.374054909,0.002949391,0.001103234,0.354287148,0.002951773,0.001045775,0.354363918,0.002552957,0.000904676,0.334503174,0.002548427,0.000852457,0.334596157,0.002104529,0.000704167,0.334607601,0.002103397,0.000703813,0.33468008,0.002049504,0.000685928,0.334631443,0.002048128,0.000685368,0.334695816,0.001718538,0.000575188,0.334668636,0.001714955,0.000573942,0.334558487,0.001607218,0.000537708,0.334598064,0.001608864,0.000538323,0.334653378,0.000821866,0.00027504,0.33467865,0.000820675,0.000274662,0.334615231,0.000685341,0.000229325,0.334635735,0.000684817,0.000229164,0.334641457,0.000523132,0.000175062,0.334724903,0.000520702,0.000174292,0.334554672,0.000374002,0.000125124,0.334605694,0.000373441,0.000124956,0.334613323,1.61E-05,5.38E-06,0.334668159,0.000618531,0.000207003,0.334689617,0.000613283,0.00020526
0.39370966,0.003238006,0.001274834,0.393760204,0.002950797,0.001161906,0.374001026,0.002951786,0.001103971,0.374072075,0.002554384,0.000955524,0.354212761,0.002549275,0.000902986,0.354310989,0.002105161,0.000745882,0.354318142,0.002104988,0.000745836,0.354398251,0.00205028,0.000726616,0.35435009,0.002049678,0.000726303,0.354406834,0.001719439,0.000609381,0.354382038,0.001715947,0.000608101,0.354270935,0.001608458,0.00056983,0.354307652,0.001609793,0.000570362,0.354365349,0.000821976,0.00029128,0.354393482,0.000820939,0.000290936,0.354328632,0.000685548,0.000242909,0.354345322,0.000685043,0.000242742,0.354352951,0.000523206,0.0001854,0.354432583,0.000520837,0.000184602,0.35426569,0.00037389,0.000132456,0.354319572,0.000373477,0.00013233,0.354323387,1.61E-05,5.71E-06,0.3543787,0.00061875,0.000219272,0.354398727,0.000613481,0.000217417
0.413412571,0.003239277,0.001339158,0.413471699,0.00295287,0.001220928,0.393707275,0.002951356,0.00116197,0.393774986,0.002555993,0.001006486,0.373923779,0.002549502,0.00095332,0.374030113,0.002105891,0.000787667,0.374039173,0.002105331,0.000787476,0.374116421,0.002051125,0.000767359,0.374065876,0.002050953,0.000767192,0.374116898,0.001720032,0.000643493,0.374097347,0.001716712,0.000642217,0.373991489,0.001609346,0.000601882,0.374022484,0.001610697,0.000602437,0.374087334,0.000822184,0.000307569,0.374111652,0.000821185,0.000307215,0.37405014,0.000685616,0.000256455,0.374062061,0.000685324,0.000256354,0.374067783,0.000523109,0.000195678,0.374152184,0.000521028,0.000194944,0.373978615,0.000373794,0.000139791,0.374037743,0.000373555,0.000139724,0.374036789,1.62E-05,6.05E-06,0.374091148,0.00061897,0.000231551,0.374110699,0.000613676,0.000229583
0.433115482,0.003240106,0.00140334,0.43317461,0.002955197,0.001280116,0.41341877,0.002951183,0.001220074,0.413484573,0.002557203,0.001057364,0.39362812,0.002549264,0.001003462,0.39373064,0.00210685,0.000829532,0.393746853,0.002106108,0.000829273,0.393825054,0.002051232,0.000807826,0.393778324,0.002052423,0.0008082,0.393822193,0.001720256,0.000677475,0.393800259,0.001717632,0.000676404,0.393699646,0.001610114,0.000633901,0.393727303,0.001611337,0.000634427,0.393790245,0.000822375,0.000323843,0.393819332,0.000821652,0.000323582,0.393761158,0.000685584,0.000269956,0.393765926,0.000685584,0.00026996,0.393769264,0.000523039,0.000205957,0.393846512,0.000521378,0.000205343,0.393685341,0.000373667,0.000147107,0.393738747,0.000373645,0.000147119,0.3937397,1.62E-05,6.39E-06,0.393797398,0.000619199,0.000243839,0.393814564,0.000613888,0.000241758
0.452826977,0.003241567,0.001467869,0.452886105,0.002956618,0.001339011,0.433124065,0.00295154,0.001278383,0.433188915,0.002557973,0.001108086,0.413337231,0.002549351,0.001053742,0.413444042,0.002107845,0.000871476,0.41346693,0.002107,0.000871175,0.413539886,0.002051086,0.000848206,0.413493156,0.002053961,0.000849299,0.413534641,0.00172052,0.000711495,0.413512707,0.001718503,0.000710623,0.413414955,0.001610829,0.000665941,0.413440228,0.001611632,0.000666313,0.41350317,0.000822436,0.00034008,0.413533688,0.000821949,0.000339904,0.413478851,0.000685485,0.000283434,0.413479805,0.000685851,0.000283586,0.413479805,0.000523047,0.000216269,0.413554192,0.000521619,0.000215718,0.413395405,0.000373552,0.000154425,0.413452148,0.000373763,0.000154533,0.413453579,1.63E-05,6.73E-06,0.413509846,0.000619423,0.000256138,0.413520336,0.000614068,0.00025393
0.472538471,0.003243787,0.001532814,0.472596645,0.00295777,0.001397832,0.45283699,0.0029525,0.001337001,0.452898502,0.002558718,0.001158839,0.433042049,0.002549469,0.001104027,0.433150291,0.002108836,0.000913443,0.433174133,0.002108454,0.000913328,0.433244705,0.002050994,0.000888582,0.433203697,0.00205533,0.000890376,0.433246136,0.001720821,0.000745539,0.433219433,0.001719071,0.000744735,0.433122158,0.001611446,0.000697953,0.433143616,0.001611742,0.000698116,0.433208466,0.000822479,0.000356305,0.433237076,0.000822107,0.000356167,0.433190823,0.000685333,0.00029688,0.433187008,0.000686066,0.000297195,0.43318224,0.000522966,0.000226539,0.433256626,0.000521692,0.000226026,0.433100224,0.00037344,0.000161737,0.433157921,0.000373848,0.000161935,0.433157444,1.63E-05,7.07E-06,0.433216572,0.000619621,0.00026843,0.433225155,0.000614251,0.000266109
0.492248535,0.003246436,0.001598053,0.492306232,0.002959089,0.001456778,0.472547531,0.002953787,0.001395805,0.472607613,0.002558977,0.001209392,0.452750683,0.002549272,0.001154184,0.452856064,0.002109762,0.000955418,0.452890873,0.002109919,0.000955563,0.452963829,0.002050956,0.000929009,0.452915668,0.002056144,0.00093126,0.452958107,0.001721156,0.000779611,0.452927589,0.00171973,0.000778913,0.452828884,0.0016122,0.000730051,0.452854156,0.001611464,0.000729758,0.45291996,0.000822358,0.000372462,0.45293951,0.000822263,0.000372436,0.452904224,0.00068538,0.000310411,0.452894688,0.000686153,0.000310755,0.452895641,0.000522956,0.000236845,0.452968597,0.000521709,0.000236318,0.452812195,0.000373371,0.000169067,0.452868462,0.00037391,0.000169332,0.452867508,1.64E-05,7.41E-06,0.452929497,0.000619791,0.000280722,0.45293045,0.000614416,0.000278288
0.511958122,0.003249473,0.001663594,0.512014389,0.002959862,0.001515492,0.492267132,0.002955025,0.001454662,0.492318153,0.002558611,0.001259651,0.4724617,0.002549294,0.001204444,0.472558975,0.002110558,0.000997363,0.472598076,0.002111806,0.000998036,0.472676277,0.002051054,0.000969485,0.472633362,0.002056994,0.000972204,0.472670078,0.001721456,0.000813681,0.472633839,0.001720412,0.000813125,0.472537994,0.001613045,0.000762225,0.472559452,0.001611163,0.00076137,0.472627163,0.000821898,0.000388451,0.472647667,0.000822357,0.000388685,0.472611904,0.000685555,0.000324002,0.472605705,0.000686192,0.000324298,0.472602844,0.000522923,0.000247135,0.472677231,0.000521699,0.000246595,0.472517014,0.000373321,0.0001764,0.472576618,0.000373964,0.000176727,0.472579956,1.64E-05,7.75E-06,0.47263813,0.000619936,0.000293006,0.47263813,0.000614548,0.000290459
0.531664371,0.003251769,0.00172885,0.531720161,0.002960056,0.001573921,0.511981487,0.002955405,0.001513113,0.512033463,0.002558754,0.001310168,0.492175579,0.002549391,0.001254748,0.492265701,0.002111137,0.00103924,0.492306232,0.002112647,0.001040069,0.492389679,0.002051643,0.001010208,0.49234724,0.002057819,0.001013161,0.492382526,0.001721807,0.000847788,0.492344379,0.001720717,0.000847185,0.492249489,0.001613896,0.00079444,0.49227047,0.001611378,0.000793234,0.492341995,0.000821802,0.000404608,0.492359161,0.000822293,0.000404863,0.492320538,0.000685607,0.000337539,0.4923172,0.000686174,0.000337815,0.492316723,0.000522982,0.000257473,0.492396355,0.000521609,0.000256838,0.492231369,0.000373242,0.000183721,0.49229908,0.000373953,0.000184097,0.492289543,1.64E-05,8.09E-06,0.492353439,0.000620024,0.000305271,0.492359161,0.000614614,0.000302611
0.551368713,0.003252301,0.001793217,0.551423073,0.002960619,0.001632554,0.531690598,0.002955424,0.001571371,0.531741142,0.002558771,0.001360604,0.511881351,0.002549221,0.001304899,0.511972904,0.002111348,0.001080953,0.512010574,0.002113755,0.001082265,0.512102127,0.002052151,0.001050911,0.512056828,0.002058316,0.001053975,0.512091637,0.001722194,0.000881921,0.512050629,0.001720945,0.000881211,0.511955738,0.001614611,0.000826609,0.511974335,0.001611578,0.000825087,0.512053013,0.00082183,0.000420821,0.51207304,0.000822225,0.000421039,0.512025833,0.000685488,0.000350988,0.51202631,0.000686147,0.000351325,0.512033939,0.000523135,0.000267863,0.512107849,0.000521478,0.000267053,0.511937618,0.000373153,0.000191031,0.512002468,0.000373831,0.000191402,0.511995316,1.65E-05,8.43E-06,0.512067318,0.000620048,0.000317506,0.512066841,0.000614646,0.00031474
0.571074009,0.003252747,0.001857559,0.571125031,0.002960415,0.001690767,0.551398277,0.002955147,0.001629463,0.551449299,0.002557668,0.001410424,0.531588078,0.002549281,0.001355167,0.531681061,0.002111255,0.001122514,0.531721592,0.002113966,0.001124041,0.531815052,0.002052785,0.001091702,0.531760216,0.002058305,0.001094525,0.531794071,0.001722438,0.000915982,0.531753063,0.001721136,0.000915219,0.531664371,0.001614954,0.000858613,0.531680584,0.0016112,0.000856644,0.531765461,0.000821728,0.000436967,0.531782627,0.000822125,0.000437192,0.531731129,0.000685299,0.000364395,0.531725407,0.000685877,0.000364698,0.531748295,0.000523264,0.000278245,0.531815052,0.000521335,0.000277254,0.53164959,0.000373091,0.000198353,0.531710625,0.000373646,0.000198672,0.531698704,1.65E-05,8.78E-06,0.531779289,0.00061999,0.000329698,0.531776905,0.000614565,0.000326812
0.590782166,0.003252246,0.001921369,0.590826988,0.00295898,0.001748245,0.571100235,0.002954018,0.00168704,0.571155548,0.002556011,0.00145988,0.551292419,0.002549503,0.001405522,0.551393986,0.002110947,0.001163964,0.55142355,0.002112945,0.001165128,0.55151844,0.002052755,0.001132132,0.551467896,0.002058072,0.001134961,0.551498413,0.001722267,0.000949828,0.551460743,0.001720782,0.000948944,0.55137682,0.001614922,0.000890431,0.551387787,0.001610864,0.000888211,0.55147171,0.000821776,0.000453186,0.551493645,0.000821998,0.000453326,0.55143404,0.000684886,0.000377669,0.551431656,0.00068553,0.000378023,0.551451683,0.000523281,0.000288564,0.551519871,0.000521135,0.000287416,0.551355839,0.000372976,0.000205643,0.551417351,0.000373356,0.000205875,0.551407814,1.65E-05,9.12E-06,0.551487923,0.000619817,0.000341822,0.551486492,0.000614355,0.000338809
0.610497475,0.003250049,0.001984147,0.610527992,0.002957349,0.001805544,0.590806007,0.002952674,0.001744458,0.590866566,0.002553893,0.00150901,0.570997715,0.00254962,0.001455827,0.571102619,0.002110376,0.001205241,0.5711236,0.00211206,0.001206247,0.571220875,0.002052428,0.00117239,0.571172714,0.002057613,0.001175253,0.571205139,0.001721941,0.000983582,0.571166992,0.001720386,0.000982627,0.571082115,0.00161455,0.00092204,0.57109499,0.001610522,0.000919761,0.571172237,0.000821845,0.000469415,0.571195602,0.000821623,0.000469307,0.571135521,0.000684304,0.000390831,0.571126938,0.000685077,0.000391266,0.571152687,0.000523159,0.000298804,0.571224213,0.000520715,0.000297445,0.57106638,0.000372707,0.00021284,0.571123123,0.00037291,0.000212977,0.571108341,1.65E-05,9.45E-06,0.571197987,0.000619492,0.000353853,0.571191788,0.000614036,0.000350733
0.630211353,0.003247192,0.002046417,0.630233288,0.002955317,0.001862539,0.610507965,0.002951032,0.001801629,0.610575676,0.00255073,0.001557414,0.590704441,0.002549293,0.001505878,0.59081459,0.002109555,0.001246356,0.590830803,0.002110397,0.001246888,0.59092474,0.002051703,0.001212402,0.590876102,0.002056278,0.001215005,0.590910435,0.001721115,0.001017025,0.590878487,0.001719776,0.001016178,0.590787411,0.001613484,0.000953226,0.590800285,0.00160948,0.000950881,0.590878963,0.000821404,0.00048535,0.590907097,0.000821018,0.000485145,0.590839863,0.000683539,0.000403862,0.590829849,0.000684478,0.00040441,0.590862751,0.000522727,0.00030886,0.590927601,0.000520172,0.000307384,0.590776443,0.000372296,0.000219944,0.590830803,0.000372322,0.000219979,0.590817928,1.65E-05,9.75E-06,0.590904713,0.000618994,0.000365766,0.590895653,0.00061352,0.000362526
0.649933815,0.003243887,0.002108312,0.64994812,0.002952467,0.00191895,0.630223274,0.002948304,0.00185809,0.630286217,0.002547534,0.001605676,0.610412598,0.002548305,0.001555517,0.61052227,0.002108454,0.001287258,0.610536575,0.002108545,0.001287344,0.610629082,0.002050295,0.00125197,0.610583305,0.00205446,0.001254419,0.610611916,0.001719652,0.00105004,0.61058569,0.001718478,0.001049278,0.610492229,0.001611952,0.000984084,0.610515594,0.001608137,0.000981793,0.610586166,0.000820243,0.000500829,0.610611439,0.000820032,0.000500721,0.610551834,0.000682644,0.00041679,0.610527992,0.0006836,0.000417357,0.61055851,0.000522018,0.000318723,0.610631943,0.000519475,0.000317208,0.610494137,0.000371724,0.000226935,0.610545158,0.000371655,0.000226912,0.610524178,1.64E-05,1.00E-05,0.610606194,0.000618295,0.000377535,0.610608101,0.000612783,0.00037417
0.669653893,0.003239455,0.002169314,0.669662476,0.002949509,0.001975176,0.649941444,0.002944324,0.001913638,0.650003433,0.002544579,0.001653985,0.630120754,0.002547296,0.001605104,0.630232811,0.002106661,0.001327687,0.630245209,0.002106691,0.001327732,0.630346775,0.00204821,0.001291083,0.630295277,0.002052378,0.001293604,0.630326271,0.001717793,0.00108277,0.6302948,0.001717119,0.001082291,0.630202293,0.001609859,0.001014537,0.630230904,0.001607112,0.001012852,0.63029623,0.000818745,0.000516052,0.630325794,0.000818616,0.000515995,0.630262375,0.000681389,0.000429454,0.630234241,0.000682548,0.000430165,0.630269051,0.000521002,0.000328372,0.630348206,0.000518501,0.000326836,0.630218506,0.000370853,0.000233718,0.630263805,0.000370828,0.00023372,0.630241871,1.63E-05,1.03E-05,0.630315304,0.000617348,0.000389124,0.63031435,0.000611747,0.000385593
0.689373493,0.003234163,0.002229546,0.689378262,0.002945953,0.002030876,0.669662952,0.002939971,0.00196879,0.669719696,0.002541405,0.001702029,0.64983511,0.002544707,0.00165364,0.649941444,0.002104295,0.001367669,0.649953842,0.002104584,0.001367882,0.650058746,0.002045768,0.001329869,0.650000572,0.00204966,0.00133228,0.650037289,0.001715556,0.001115175,0.650003433,0.001715486,0.001115072,0.649909496,0.001607471,0.001044711,0.649941921,0.00160571,0.001043618,0.650013924,0.000816458,0.000530709,0.650038242,0.000816601,0.000530822,0.64997673,0.000679571,0.000441705,0.649944782,0.000681068,0.000442657,0.649986267,0.000519786,0.000337854,0.650063515,0.000517212,0.000336221,0.649934292,0.000369681,0.000240268,0.649979591,0.000369747,0.000240328,0.649952412,1.61E-05,1.05E-05,0.650024891,0.000616078,0.000400466,0.650025368,0.000610357,0.000396748
0.709080696,0.003229331,0.002289856,0.70909214,0.002940702,0.002085229,0.689380169,0.002935263,0.002023512,0.689435005,0.002538331,0.001750015,0.669547081,0.002540924,0.001701268,0.669656277,0.00210148,0.001407269,0.669677258,0.002102044,0.001407691,0.669778824,0.002042465,0.001368,0.669713497,0.002046129,0.00137032,0.669751644,0.001712788,0.001147143,0.669714928,0.001713019,0.001147234,0.669620514,0.001604543,0.001074435,0.669662476,0.001603237,0.001073627,0.669737816,0.000813628,0.000544918,0.669756413,0.000814132,0.00054527,0.669692993,0.000677293,0.000453578,0.669662952,0.000679009,0.000454707,0.669707775,0.00051833,0.00034713,0.669784546,0.000515541,0.000345301,0.669660091,0.000368245,0.000246599,0.669689655,0.000368341,0.000246674,0.669665337,1.58E-05,1.06E-05,0.669726372,0.000614415,0.00041149,0.669736385,0.000608499,0.000407534
0.728796005,0.003223512,0.002349282,0.728800774,0.00293479,0.002138877,0.709098339,0.002930084,0.002077718,0.709143162,0.002534257,0.001797151,0.689253807,0.002537001,0.001748637,0.68937254,0.002097686,0.001446087,0.689389706,0.002098815,0.001446901,0.689494133,0.002038753,0.001405708,0.689431667,0.00204245,0.00140813,0.689461708,0.001709442,0.001178595,0.689427853,0.001710041,0.00117895,0.689326286,0.001601096,0.001103677,0.689375877,0.001599946,0.001102964,0.68944931,0.000809982,0.000558441,0.689461708,0.000811045,0.000559184,0.689407825,0.000674553,0.000465042,0.689376831,0.000676323,0.000466242,0.689418793,0.000516457,0.000356055,0.689502716,0.000513366,0.000353967,0.689382553,0.000366313,0.00025253,0.689408302,0.000366603,0.000252739,0.689376354,1.54E-05,1.06E-05,0.689446449,0.000612214,0.000422089,0.689441681,0.000606095,0.000417867
0.748570442,0.003215562,0.002407075,0.748572826,0.002927973,0.002191801,0.728804111,0.002924617,0.002131473,0.72884798,0.002528371,0.001842798,0.708964825,0.002532225,0.001795258,0.709082127,0.002093439,0.00148442,0.7091012,0.00209456,0.001485255,0.709202766,0.002034369,0.00144278,0.709141731,0.002038064,0.001445276,0.709172249,0.001705523,0.001209509,0.709143639,0.001706591,0.001210218,0.709038258,0.001597341,0.001132576,0.709084034,0.001596037,0.001131724,0.709159851,0.000805867,0.000571489,0.709173203,0.000807213,0.000572454,0.709113598,0.000671022,0.000475831,0.709088326,0.000672861,0.000477118,0.709137917,0.000514072,0.000364548,0.709208488,0.000510553,0.000362089,0.709064484,0.000363734,0.000257911,0.709089279,0.000364244,0.000258281,0.709084511,1.49E-05,1.05E-05,0.709161758,0.000609328,0.000432112,0.709140301,0.000602907,0.000427546
0.768343449,0.003206199,0.002463462,0.768343925,0.002919318,0.00224304,0.74857235,0.002918542,0.00218474,0.748618126,0.002521509,0.001887647,0.728673935,0.002525503,0.001840268,0.728786945,0.002088264,0.001521899,0.728807449,0.002089258,0.001522666,0.728898525,0.002029231,0.001479103,0.728851795,0.002032386,0.001481308,0.728869915,0.001700638,0.001239544,0.728848457,0.001701641,0.001240238,0.728741646,0.001593486,0.001161239,0.72878933,0.001591079,0.001159562,0.728868008,0.000800512,0.000583468,0.728880405,0.00080239,0.000584847,0.728822231,0.000666472,0.000485739,0.728796005,0.000668283,0.000487042,0.728837967,0.00051099,0.000372429,0.72891283,0.000506875,0.000369468,0.728765965,0.0003605,0.00026272,0.728797436,0.000361187,0.000263232,0.728786469,1.41E-05,1.03E-05,0.728871822,0.000605533,0.000441356,0.728842735,0.00059878,0.000436416
0.788113594,0.003195068,0.002518077,0.78812027,0.002909344,0.002292913,0.768343925,0.002910416,0.0022362,0.768385887,0.002512823,0.001930817,0.748449802,0.002518122,0.001884688,0.748558044,0.002081739,0.001558302,0.748585701,0.002082462,0.001558901,0.748672009,0.002023093,0.001514633,0.748632908,0.002025538,0.001516384,0.74864006,0.001694248,0.001268382,0.748626709,0.001695052,0.001268961,0.748515129,0.001588052,0.001188681,0.748565674,0.001585025,0.001186495,0.748643875,0.000793758,0.000594242,0.748659611,0.000796011,0.000595941,0.748599052,0.000660537,0.000494478,0.748569012,0.000662313,0.000495787,0.748610973,0.00050703,0.000379568,0.748682499,0.000502071,0.000375892,0.748544693,0.000356313,0.000266716,0.748575687,0.000357287,0.000267456,0.748565197,1.30E-05,9.73E-06,0.748657703,0.000600491,0.000449563,0.748612404,0.000593291,0.000444145
0.807889462,0.003180695,0.00256965,0.807898521,0.002897708,0.002341054,0.788116932,0.002900072,0.002285596,0.788148403,0.002502068,0.001972001,0.768217564,0.00250855,0.001927112,0.768327713,0.00207319,0.00159289,0.768355846,0.002073948,0.00159353,0.768438339,0.002015192,0.001548551,0.7684021,0.002017065,0.001549917,0.768405437,0.00168634,0.001295793,0.768399715,0.001687002,0.001296292,0.76828146,0.001581128,0.001214751,0.768327713,0.001577369,0.001211936,0.768408298,0.000784978,0.000603184,0.768424511,0.000787471,0.000605112,0.76836729,0.00065268,0.000501498,0.768330097,0.000654555,0.000502914,0.768384933,0.000501568,0.000385397,0.768444061,0.00049573,0.000380941,0.768307686,0.000350833,0.000269547,0.768354893,0.000352133,0.000270563,0.768337727,1.15E-05,8.81E-06,0.768440247,0.000593779,0.000456284,0.768378258,0.000586035,0.000450297
0.827671528,0.003163519,0.002618354,0.827681065,0.002882974,0.002386183,0.807888031,0.002886875,0.002332272,0.807918072,0.002489795,0.00201155,0.788000107,0.00249585,0.00196673,0.788101673,0.002062233,0.00162525,0.788134575,0.002063605,0.001626399,0.78821373,0.002004815,0.001580223,0.788173199,0.002006116,0.001581167,0.788182259,0.001676665,0.001321518,0.788174629,0.001677152,0.001321889,0.78806448,0.001571821,0.001238696,0.788103104,0.001568557,0.001236184,0.788189888,0.000773465,0.000609638,0.788205624,0.000776289,0.000611875,0.788143635,0.000642152,0.000506108,0.78810358,0.000644261,0.000507745,0.788162231,0.00049443,0.000389691,0.788217545,0.000487333,0.000384125,0.788068771,0.000343782,0.000270924,0.78813076,0.00034529,0.000272134,0.78813076,9.26E-06,7.30E-06,0.788216591,0.000584816,0.000460962,0.788154602,0.00057636,0.00045426
0.847374916,0.003143578,0.002663789,0.847396374,0.002864135,0.002427058,0.827670574,0.002869356,0.002374882,0.827696323,0.002475147,0.00204867,0.807770729,0.002479585,0.002002936,0.807879448,0.002047992,0.001654531,0.80791378,0.002050024,0.001656243,0.807990551,0.001991064,0.001608761,0.807948589,0.001992139,0.001609546,0.80795908,0.001664229,0.001344629,0.80794239,0.001664903,0.001345146,0.807841301,0.001559793,0.001260065,0.807875156,0.001557267,0.001258077,0.807969093,0.000758089,0.000612512,0.807978153,0.000761265,0.000615086,0.80792141,0.000628061,0.000507424,0.807879448,0.000630604,0.000509452,0.807932377,0.000484883,0.000391753,0.807991505,0.000476117,0.000384698,0.807873726,0.000334537,0.000270264,0.80794096,0.00033628,0.000271694,0.807928562,6.06E-06,4.89E-06,0.807992458,0.000572683,0.000462724,0.807935715,0.0005634,0.000455191
0.867085457,0.003117671,0.002703287,0.867117882,0.002839884,0.002462514,0.8473773,0.002846875,0.002412377,0.847398758,0.002456706,0.00208181,0.827554226,0.002458473,0.00203452,0.827669144,0.002029536,0.001679785,0.827698231,0.002031932,0.001681827,0.827770233,0.001972951,0.00163315,0.827728748,0.001974034,0.001633965,0.827745914,0.001647891,0.001364035,0.82772541,0.001649317,0.001365182,0.827629089,0.001542905,0.001276953,0.827653885,0.001542421,0.001276591,0.827744961,0.000737499,0.000610461,0.827754021,0.000740949,0.000613323,0.827699661,0.000609243,0.00050427,0.827661514,0.000612326,0.000506798,0.82771349,0.000471843,0.00039055,0.827758789,0.000460926,0.000381535,0.827652454,0.00032201,0.000266512,0.827720165,0.000323981,0.000268166,0.827740192,1.34E-06,1.11E-06,0.827770233,0.000556138,0.000460355,0.827721596,0.000545836,0.0004518
0.886791229,0.0030841,0.002734953,0.886828423,0.002808489,0.002490648,0.867089748,0.002817528,0.002443049,0.867107868,0.002433136,0.002109792,0.847259521,0.002430886,0.002059591,0.847381592,0.002005327,0.001699277,0.847409725,0.002008422,0.001701956,0.847481251,0.00194896,0.001651707,0.847438812,0.001950539,0.001652963,0.847463608,0.001626302,0.001378231,0.847434521,0.001628834,0.00138033,0.847341061,0.001520391,0.00128829,0.84735918,0.001522149,0.001289807,0.847448349,0.000709638,0.000601382,0.84746027,0.000713595,0.000604743,0.847408772,0.000583839,0.000494751,0.847363949,0.000587476,0.000497806,0.847414494,0.000453766,0.000384528,0.847471237,0.000440221,0.000373074,0.84735775,0.000304861,0.000258327,0.847426414,0.000307119,0.000260261,0.847465038,-5.63E-06,-4.77E-06,0.847471714,0.000533516,0.00045214,0.847438812,0.000522031,0.000442389
0.906503201,0.00304013,0.002755888,0.906540871,0.002767251,0.002508626,0.886795044,0.002778251,0.002463739,0.886820316,0.002401589,0.002129778,0.866979599,0.002394916,0.002076343,0.867097378,0.001972911,0.001710706,0.86712122,0.00197714,0.00171442,0.867194176,0.001916851,0.001662282,0.867146969,0.00191943,0.001664428,0.867183685,0.001597177,0.001385046,0.867148399,0.001601188,0.001388467,0.867057323,0.001490069,0.001291975,0.867069721,0.001494998,0.001296268,0.867171764,0.000671776,0.000582545,0.867175579,0.000676594,0.000586726,0.867115974,0.000549188,0.00047621,0.867084503,0.000553499,0.00047993,0.86712122,0.000428696,0.000371732,0.8671875,0.000411927,0.000357218,0.867071629,0.000281165,0.00024379,0.867139816,0.000283886,0.000246169,0.867177486,-1.60E-05,-1.39E-05,0.867179871,0.000502457,0.00043572,0.867159367,0.000489617,0.000424576
0.926205158,0.002980803,0.002760835,0.926247597,0.002712457,0.002512406,0.906507969,0.002725209,0.002470424,0.906526089,0.002359258,0.002138729,0.88668108,0.002346583,0.002080671,0.886806488,0.001929227,0.001710851,0.886822701,0.001934941,0.00171595,0.886911392,0.001873084,0.001661259,0.88684988,0.00187735,0.001664928,0.886892796,0.001556853,0.001380761,0.886847973,0.001562538,0.001385734,0.886762142,0.001448619,0.001284581,0.886772633,0.001456732,0.00129179,0.886875153,0.000620471,0.00055028,0.88688612,0.000626172,0.000555343,0.886822701,0.000502211,0.000445372,0.886790752,0.000507154,0.000449739,0.886829853,0.00039358,0.000349038,0.886888981,0.00037308,0.00033088,0.886778831,0.000248314,0.0002202,0.886842251,0.000251606,0.000223135,0.886860847,-3.14E-05,-2.79E-05,0.886879444,0.000459918,0.000407892,0.886868477,0.000445593,0.000395183
0.945919037,0.002899626,0.002742812,0.945956707,0.002638759,0.002496152,0.926213264,0.002653333,0.002457552,0.926233292,0.002300855,0.002131128,0.906395435,0.002281333,0.00206779,0.906516075,0.001869084,0.001694355,0.906524181,0.001877233,0.001701757,0.906629562,0.001812808,0.001643545,0.906559467,0.001819609,0.001649584,0.906603336,0.001500831,0.001360659,0.906554222,0.00150828,0.001367338,0.906468868,0.001390638,0.00126057,0.906482697,0.001402483,0.001271326,0.906575203,0.000551305,0.0004998,0.906596661,0.000558093,0.000505965,0.906524658,0.000438743,0.000397732,0.906494617,0.000444341,0.000402793,0.906541824,0.000344585,0.00031238,0.906604767,0.000319848,0.000289975,0.906487465,0.000202955,0.000183976,0.90654707,0.000206986,0.000187643,0.906546593,-5.42E-05,-4.92E-05,0.90658617,0.000402062,0.000364504,0.906578064,0.000386216,0.000350135
0.965629101,0.002789089,0.002693226,0.965670586,0.002538621,0.002451472,0.945924282,0.002554102,0.002415987,0.945950508,0.002219122,0.00209918,0.926098347,0.002192025,0.002030031,0.926221848,0.001785639,0.001653898,0.926224709,0.00179712,0.001664537,0.926347256,0.001729046,0.001601697,0.926263332,0.001739705,0.001611425,0.926311493,0.001422752,0.001317911,0.926262379,0.001431877,0.001326294,0.926173687,0.001310169,0.001213444,0.926192284,0.001325951,0.001228085,0.926279068,0.000459178,0.000425327,0.926301479,0.000467353,0.00043291,0.926220894,0.000354062,0.00032794,0.926197529,0.000360353,0.000333758,0.926247597,0.000277085,0.000256649,0.926326275,0.000247935,0.000229669,0.926190376,0.000141021,0.000130613,0.926243305,0.00014587,0.000135111,0.926221848,-8.77E-05,-8.12E-05,0.926290512,0.000324444,0.00030053,0.926281452,0.000307319,0.000284664
0.985340595,0.002637175,0.002598515,0.985383034,0.002400398,0.002365312,0.965633869,0.002417231,0.002334161,0.965661049,0.002104046,0.002031796,0.945814133,0.002068342,0.001956267,0.945939064,0.001668665,0.001578455,0.945934772,0.001684945,0.001593848,0.946059704,0.001612029,0.001525075,0.945971966,0.001627402,0.001539477,0.946010113,0.001312933,0.001242048,0.945972919,0.001324432,0.001252876,0.945889473,0.001197779,0.001132967,0.945909977,0.001217938,0.00115206,0.946005344,0.000338589,0.000320307,0.946020126,0.000348312,0.00032951,0.945924282,0.000243259,0.000230104,0.945905209,0.000250192,0.000236658,0.945964813,0.000185366,0.00017535,0.946043968,0.000152324,0.000144105,0.945897579,5.80E-05,5.48E-05,0.945949078,6.36E-05,6.01E-05,0.945912838,-0.000135554,-0.000128222,0.945990086,0.00022212,0.000210123,0.945971966,0.000204252,0.000193217
1.005046368,0.002430064,0.002442327,1.005091667,0.002209853,0.002221105,0.985349655,0.002228808,0.002196156,0.98537159,0.001942442,0.001914027,0.965527058,0.001897711,0.001832291,0.965649605,0.001505996,0.001454265,0.965648651,0.001528157,0.001475663,0.96577692,0.001449268,0.00139967,0.965681076,0.001469973,0.001419525,0.965722084,0.001159106,0.001119375,0.965681076,0.001173543,0.001133268,0.965600491,0.001041537,0.001005708,0.965624809,0.001066355,0.001029699,0.965708256,0.000185088,0.000178741,0.965723991,0.000196054,0.000189334,0.965641499,0.000101734,9.82E-05,0.965612888,0.000109157,0.000105403,0.965673923,6.39E-05,6.17E-05,0.965750694,2.82E-05,2.72E-05,0.965614796,-5.07E-05,-4.90E-05,0.965657711,-4.46E-05,-4.31E-05,0.965626717,-0.000202192,-0.000195242,0.96570015,9.06E-05,8.75E-05,0.965675354,7.30E-05,7.05E-05
1.024775028,0.002151554,0.002204859,1.024807453,0.001949948,0.001998321,1.005055904,0.001972,0.00198197,1.005084038,0.001716349,0.001725075,0.985249996,0.001663572,0.001639034,0.985360146,0.001282453,0.001263678,0.985364437,0.00131118,0.00129199,0.985480309,0.001225697,0.0012079,0.985396862,0.001252051,0.001233767,0.985433578,0.000947487,0.000933686,0.985396862,0.000965285,0.000951188,0.985317707,0.000827827,0.000815673,0.985342979,0.000857813,0.00084524,0.985423565,-5.42E-06,-5.34E-06,0.985424995,6.42E-06,6.32E-06,0.985349178,-7.43E-05,-7.32E-05,0.985316753,-6.64E-05,-6.55E-05,0.985381126,-9.26E-05,-9.13E-05,0.985463142,-0.00012849,-0.000126622,0.985327721,-0.000188984,-0.000186211,0.985366344,-0.000182666,-0.000179993,0.985340118,-0.000291801,-0.000287523,0.98541069,-7.40E-05,-7.30E-05,0.985381126,-8.98E-05,-8.85E-05
1.04447937,0.00178428,0.001863644,1.04451561,0.001601497,0.001672788,1.024775505,0.00162881,0.001669165,1.02478838,0.001406433,0.001441296,1.004967213,0.001347924,0.001354619,1.00508213,0.000980453,0.000985436,1.005087376,0.001017031,0.001022205,1.005198002,0.000924896,0.000929704,1.005119801,0.000957164,0.000962065,1.00513792,0.00066296,0.000666366,1.005106449,0.00068436,0.000687855,1.005035877,0.000542605,0.000545337,1.005060196,0.000578298,0.000581224,1.005141258,-0.000234864,-0.000236071,1.005134106,-0.000222712,-0.000223856,1.005060196,-0.000286546,-0.000287996,1.005030155,-0.000278749,-0.000280151,1.005090714,-0.00028761,-0.000289074,1.005173683,-0.000320131,-0.000321788,1.005039692,-0.000359412,-0.000361224,1.005082607,-0.000353526,-0.000355323,1.005054951,-0.000407736,-0.000409797,1.005123138,-0.000273749,-0.000275151,1.005089283,-0.000286031,-0.000287487
1.064185143,0.001310771,0.001394903,1.064222336,0.001146068,0.001219671,1.044487953,0.001180694,0.001233221,1.044487,0.000992331,0.001036477,1.024693489,0.00093296,0.000955998,1.024785042,0.000584427,0.000598912,1.024791718,0.000629091,0.000644687,1.024897575,0.000531604,0.000544839,1.024827003,0.000569792,0.000583939,1.024842262,0.00029148,0.000298721,1.024813175,0.000317028,0.000324895,1.024748325,0.000174196,0.000178507,1.024766922,0.00021476,0.000220079,1.024859905,-0.000503323,-0.000515836,1.024845123,-0.000491654,-0.000503869,1.024772644,-0.00053531,-0.000548571,1.024740219,-0.000527902,-0.000540963,1.024802685,-0.000522165,-0.000535116,1.024877548,-0.00054729,-0.000560906,1.024755478,-0.000562836,-0.000576769,1.024799347,-0.000558096,-0.000571937,1.024763584,-0.000552146,-0.000565819,1.024832249,-0.000508374,-0.000520998,1.024793148,-0.000515518,-0.000528299
1.083886147,0.000721031,0.000781515,1.083929539,0.00057009,0.000617937,1.064196587,0.000614583,0.000654037,1.064198017,0.000455326,0.000484557,1.044405937,0.00040345,0.000421366,1.044485092,8.17E-05,8.53E-05,1.044490337,0.000133439,0.000139376,1.044598579,3.40E-05,3.55E-05,1.044528961,7.76E-05,8.10E-05,1.044559002,-0.000175904,-0.000183742,1.044510841,-0.000146538,-0.000153061,1.044450283,-0.000284368,-0.000297008,1.044468403,-0.000240364,-0.000251052,1.044556618,-0.000808602,-0.00084463,1.044539928,-0.000798142,-0.000833691,1.044476509,-0.000818599,-0.000855007,1.044456005,-0.00081202,-0.00084812,1.044515133,-0.000794249,-0.000829605,1.044570923,-0.000808322,-0.00084435,1.044466972,-0.00079819,-0.000833683,1.044504166,-0.000795394,-0.000830792,1.044467926,-0.000725394,-0.00075765,1.044538975,-0.000775183,-0.000809709,1.044505119,-0.000776003,-0.000810539
1.103593826,6.70E-06,7.40E-06,1.103643894,-0.000135458,-0.000149497,1.083895206,-7.92E-05,-8.58E-05,1.083907127,-0.000217803,-0.000236079,1.06412077,-0.000249974,-0.000266003,1.064193726,-0.000534355,-0.000568657,1.064189911,-0.000477454,-0.000508102,1.064298153,-0.000573333,-0.000610197,1.064240932,-0.00052529,-0.000559036,1.064265251,-0.000742182,-0.000789879,1.064220905,-0.00070966,-0.000755235,1.064164639,-0.000833729,-0.000887225,1.064181328,-0.000788449,-0.000839053,1.064272881,-0.001147497,-0.00122125,1.064257145,-0.001138599,-0.001211763,1.064180374,-0.001132944,-0.001205657,1.064169884,-0.001127355,-0.001199698,1.064227581,-0.001099376,-0.001169986,1.064280987,-0.001099715,-0.001170406,1.064169407,-0.0010627,-0.001130892,1.064212799,-0.001062651,-0.001130887,1.064173222,-0.000926196,-0.000985633,1.064249516,-0.001069452,-0.001138164,1.064216137,-0.001063656,-0.00113196
1.123277664,-0.000831748,-0.000934284,1.123345852,-0.000971298,-0.001091104,1.103601456,-0.000900902,-0.000994237,1.1036129,-0.001031494,-0.00113837,1.083824158,-0.001027249,-0.001113357,1.083898067,-0.001262647,-0.001368581,1.083892822,-0.001202548,-0.001303433,1.084002018,-0.001287174,-0.001395299,1.08394289,-0.001236346,-0.001340128,1.083972454,-0.001402143,-0.001519885,1.083926201,-0.001367382,-0.001482141,1.083872795,-0.001466275,-0.001589256,1.083882332,-0.001423224,-0.001542607,1.083983898,-0.001514205,-0.001641374,1.083968639,-0.001507188,-0.001633744,1.083881378,-0.001472854,-0.001596399,1.083889484,-0.001468479,-0.001591669,1.083935738,-0.001430306,-0.00155036,1.083988667,-0.001415953,-0.001534877,1.083879471,-0.001351965,-0.001465367,1.083920479,-0.001355176,-0.001468903,1.083881378,-0.001151195,-0.001247759,1.083946705,-0.001383977,-0.001500157,1.083925724,-0.001372318,-0.001487491
1.142986774,-0.001786271,-0.002041684,1.143060207,-0.001929018,-0.002204984,1.123291016,-0.00184312,-0.00207036,1.123322964,-0.001980153,-0.002224351,1.103535652,-0.001921087,-0.002119988,1.103595734,-0.00209231,-0.002309064,1.103593349,-0.002032225,-0.00224275,1.103693962,-0.002096062,-0.002313411,1.103636265,-0.002044613,-0.002256509,1.103692532,-0.00214283,-0.002365025,1.103638649,-0.002106537,-0.002324855,1.103578091,-0.002167422,-0.00239192,1.103589535,-0.002130522,-0.002351222,1.103700161,-0.00190203,-0.002099271,1.10367918,-0.001896771,-0.002093427,1.10358429,-0.001831728,-0.002021466,1.103601456,-0.001828346,-0.002017766,1.103642464,-0.001778108,-0.001962395,1.1036973,-0.001750165,-0.001931652,1.103589535,-0.001660047,-0.00183201,1.10362339,-0.001666802,-0.001839521,1.103590488,-0.001395134,-0.001539657,1.103646755,-0.001709961,-0.001887192,1.103630066,-0.001694202,-0.001869772
1.162691593,-0.002840487,-0.00330261,1.162761688,-0.002992423,-0.003479474,1.142997742,-0.002889353,-0.003302524,1.143033504,-0.003048576,-0.003484624,1.123232365,-0.002914051,-0.003273156,1.12330246,-0.00300503,-0.003375558,1.123302937,-0.002947927,-0.003311415,1.123403549,-0.002980205,-0.003347973,1.12334013,-0.002931055,-0.003292571,1.123408794,-0.002943247,-0.00330647,1.123344898,-0.002906592,-0.003265106,1.123283863,-0.002916303,-0.003275837,1.123299599,-0.002888744,-0.003244925,1.123409748,-0.002302045,-0.002586139,1.123388767,-0.002298227,-0.002581802,1.123284817,-0.002200847,-0.002472178,1.123310089,-0.002198029,-0.002469068,1.12334919,-0.002132008,-0.002394989,1.123404026,-0.002093523,-0.002351873,1.123295784,-0.00197905,-0.002223059,1.123325825,-0.001989363,-0.002234703,1.123301029,-0.001650257,-0.001853736,1.123343945,-0.002037001,-0.002288253,1.123336315,-0.002019835,-0.002268954
1.182402611,-0.003975335,-0.004700446,1.182469368,-0.004138821,-0.00489403,1.162706375,-0.00401833,-0.004672138,1.162737846,-0.00421156,-0.00489694,1.14294672,-0.003980997,-0.004550068,1.143015385,-0.003974233,-0.00454261,1.143023491,-0.003923038,-0.004484125,1.143122196,-0.003912924,-0.00447295,1.143061638,-0.003868242,-0.004421639,1.143120289,-0.003776549,-0.00431705,1.143061161,-0.003740284,-0.004275374,1.142997742,-0.003686791,-0.004213993,1.143020153,-0.00367093,-0.004195947,1.143121719,-0.00270275,-0.003089572,1.143100262,-0.002699657,-0.003085979,1.142994404,-0.002569,-0.002936353,1.143024445,-0.002565935,-0.002932926,1.143054962,-0.00247863,-0.00283321,1.143119335,-0.002434655,-0.002783101,1.143005848,-0.002298393,-0.002627076,1.143041134,-0.002311961,-0.002642666,1.143016815,-0.001905818,-0.002178382,1.143054485,-0.002352669,-0.002689229,1.143053532,-0.002337504,-0.002671892
1.202103615,-0.005161263,-0.006204373,1.202168941,-0.005336884,-0.006415836,1.182422161,-0.005198388,-0.006146689,1.182443619,-0.005433051,-0.006424276,1.162649155,-0.005087898,-0.00591544,1.162722588,-0.0049653,-0.005773266,1.162734032,-0.004921861,-0.005722816,1.162829876,-0.004859057,-0.005650256,1.162770748,-0.004820568,-0.005605216,1.162822723,-0.004608632,-0.005359022,1.162764072,-0.004572811,-0.0053171,1.162696362,-0.004445903,-0.005169236,1.162726879,-0.004442802,-0.005165765,1.162819386,-0.003087975,-0.003590757,1.162805557,-0.003084559,-0.003586743,1.162689686,-0.002920278,-0.003395377,1.162727356,-0.002916084,-0.003390611,1.162760735,-0.002800263,-0.003256036,1.162822723,-0.002757833,-0.003206871,1.162713051,-0.002602961,-0.003026497,1.162743568,-0.002619148,-0.003045398,1.162727833,-0.002146657,-0.002495977,1.162752628,-0.00264164,-0.003071574,1.162759304,-0.002632132,-0.003060536
1.221800327,-0.006361942,-0.007773023,1.221875191,-0.006547629,-0.008000385,1.202131271,-0.006390115,-0.007681757,1.202151775,-0.006665581,-0.008013039,1.182361126,-0.006190854,-0.007319825,1.18242979,-0.005933141,-0.007015522,1.182442188,-0.005898674,-0.006974841,1.182536602,-0.005774266,-0.006828281,1.182481289,-0.005742583,-0.006790497,1.182530403,-0.005396258,-0.006381239,1.182465076,-0.005360136,-0.006338174,1.182399273,-0.005152661,-0.006092503,1.182445526,-0.005162043,-0.006103835,1.182528973,-0.003435571,-0.004062662,1.182512283,-0.003430523,-0.004056636,1.182397842,-0.003233225,-0.003822958,1.18243742,-0.003226776,-0.00381546,1.182469845,-0.00307362,-0.003634463,1.182526112,-0.003041932,-0.003597164,1.182424068,-0.002871901,-0.003395805,1.182454109,-0.002889841,-0.003417104,1.182430744,-0.002353163,-0.002782452,1.182460308,-0.002885368,-0.003411833,1.182466984,-0.002885407,-0.003411899
1.24149704,-0.007527488,-0.009345354,1.241563797,-0.00771698,-0.009581123,1.221835136,-0.007539637,-0.009212194,1.22185421,-0.00784285,-0.00958282,1.202062607,-0.007227428,-0.008687821,1.202131271,-0.006816059,-0.008193797,1.202142239,-0.006791106,-0.008163875,1.202236652,-0.006597823,-0.007932145,1.202187538,-0.006572193,-0.007901009,1.202231407,-0.006081653,-0.007311554,1.202163696,-0.006043772,-0.007265603,1.202097893,-0.005752787,-0.006915414,1.202149391,-0.005772475,-0.006939377,1.202237606,-0.003715634,-0.004467075,1.202215195,-0.003707724,-0.004457483,1.202106953,-0.003479628,-0.004182885,1.202144623,-0.003470096,-0.004171558,1.202176094,-0.003269689,-0.003930742,1.202226639,-0.003260114,-0.003919395,1.202128887,-0.003078504,-0.003700758,1.202161789,-0.003097339,-0.003723502,1.20213604,-0.002501462,-0.003007097,1.202166557,-0.003062228,-0.003681308,1.202178955,-0.003075616,-0.003697441
1.261175156,-0.008058206,-0.010162809,1.261234283,-0.008176316,-0.01031225,1.241537571,-0.008514801,-0.010571446,1.241556168,-0.008742738,-0.0108546,1.221766949,-0.008098876,-0.009894939,1.221835613,-0.007518243,-0.009186058,1.22184515,-0.007500993,-0.009165052,1.22193718,-0.007236746,-0.008842849,1.221889496,-0.007214065,-0.00881479,1.221930027,-0.006577752,-0.008037553,1.2218647,-0.006536909,-0.007987218,1.221794128,-0.006166589,-0.007534302,1.221857071,-0.006193117,-0.007567104,1.221950531,-0.003885897,-0.004748373,1.221922398,-0.003874567,-0.00473442,1.221818447,-0.003619677,-0.004422588,1.221857071,-0.003607557,-0.004407919,1.221889496,-0.003349925,-0.004093238,1.221934319,-0.00337604,-0.004125299,1.221839428,-0.00318647,-0.003893355,1.221877575,-0.003205682,-0.003916951,1.221844196,-0.002559762,-0.003127631,1.221874237,-0.003142871,-0.003840193,1.221895695,-0.003173608,-0.003877818
1.280899048,-0.009747098,-0.012485049,1.280927658,-0.009928391,-0.01271755,1.261248112,-0.008723444,-0.011002427,1.261246204,-0.008743334,-0.011027496,1.241466045,-0.008617009,-0.010697725,1.241537094,-0.007866756,-0.00976687,1.241539001,-0.007852886,-0.009749664,1.241634846,-0.007527651,-0.009346594,1.241578102,-0.007505162,-0.009318245,1.241630554,-0.006742737,-0.008371989,1.241562843,-0.006699371,-0.00831769,1.241487026,-0.006269998,-0.007784121,1.241555691,-0.006299627,-0.007821338,1.241671562,-0.003880989,-0.004818913,1.241641521,-0.003868209,-0.004802929,1.241540432,-0.003593507,-0.004461484,1.241572857,-0.003580957,-0.004446019,1.241609097,-0.003261763,-0.004049835,1.241646767,-0.003336435,-0.004142673,1.241557121,-0.003141842,-0.003900776,1.24159193,-0.003162287,-0.003926269,1.241560459,-0.002481286,-0.003080666,1.241586208,-0.003082699,-0.003827437,1.241613865,-0.003135043,-0.003892513
1.300489902,-0.007791007,-0.010132126,1.300520897,-0.007612576,-0.009900315,1.280941963,-0.010053143,-0.012877492,1.280949116,-0.009908602,-0.012692415,1.261146545,-0.00834394,-0.01052293,1.261225224,-0.007482151,-0.009436677,1.261217117,-0.007476295,-0.009429231,1.261320591,-0.007133122,-0.008997154,1.261267662,-0.00711604,-0.008975231,1.261323929,-0.006303421,-0.007950655,1.261256218,-0.006265648,-0.007902588,1.261176109,-0.005829805,-0.007352411,1.261253834,-0.005860853,-0.007392023,1.261398792,-0.003570526,-0.004503858,1.261366844,-0.003561716,-0.00449263,1.261273861,-0.003283328,-0.004141176,1.261296272,-0.003275863,-0.004131833,1.261332512,-0.002915789,-0.003677779,1.261376858,-0.00303412,-0.003827168,1.261277676,-0.002839605,-0.00358153,1.26130724,-0.00286222,-0.003610139,1.261268616,-0.002180826,-0.002750607,1.261294365,-0.002793619,-0.003523576,1.261332512,-0.002866997,-0.003616236
a,a,a,a,a,a,1.300692558,-0.007459987,-0.009703149,1.300604343,-0.006704496,-0.008719897,1.280875206,-0.008829378,-0.011309332,1.280946732,-0.007742347,-0.009917534,1.280939579,-0.00772549,-0.009895885,1.281051636,-0.007302738,-0.009355185,1.280963421,-0.007273002,-0.009316449,1.281034946,-0.006307196,-0.008079739,1.280972958,-0.006259837,-0.008018682,1.280884743,-0.00576185,-0.007380266,1.280958652,-0.005788323,-0.007414603,1.281139851,-0.003470765,-0.004446536,1.281113625,-0.003460145,-0.004432838,1.281023026,-0.003162437,-0.004051154,1.281034946,-0.003155046,-0.004041724,1.281073093,-0.002704593,-0.003464781,1.281101704,-0.002904359,-0.003720779,1.281015873,-0.002705537,-0.003465835,1.281042099,-0.002730814,-0.003498288,1.281032562,-0.002015843,-0.00258236,1.281032562,-0.002648614,-0.003392961,1.281070709,-0.002753002,-0.00352679
a,a,a,a,a,a,a,a,a,a,a,a,1.300458908,-0.005985823,-0.007784317,1.300582886,-0.005035859,-0.006549552,1.300532818,-0.00505182,-0.006570057,1.300663948,-0.004773926,-0.006209273,1.30064249,-0.004777391,-0.006213678,1.300680637,-0.004042738,-0.005258311,1.300640106,-0.004035568,-0.005248822,1.300530434,-0.003711023,-0.004826298,1.300640106,-0.003741157,-0.004865898,1.300830841,-0.002262093,-0.0029426,1.300842762,-0.002275313,-0.002959824,1.300749779,-0.002025491,-0.002634657,1.300752163,-0.002042059,-0.002656213,1.300799847,-0.001649121,-0.002145176,1.300871372,-0.001843835,-0.002398592,1.300725937,-0.001658883,-0.002157752,1.300725937,-0.001689812,-0.002197982,1.300685406,-0.001083543,-0.001409348,1.300706863,-0.001707212,-0.002220583,1.300776005,-0.001822015,-0.002370034
